--
-- PostgreSQL database dump
--

-- Dumped from database version 16.3 (Postgres.app)
-- Dumped by pg_dump version 16.3 (Postgres.app)

SET statement_timeout = 0;
SET lock_timeout = 0;
SET idle_in_transaction_session_timeout = 0;
SET client_encoding = 'UTF8';
SET standard_conforming_strings = on;
SELECT pg_catalog.set_config('search_path', '', false);
SET check_function_bodies = false;
SET xmloption = content;
SET client_min_messages = warning;
SET row_security = off;

SET default_tablespace = '';

SET default_table_access_method = heap;

--
-- Name: Artists_artist; Type: TABLE; Schema: public; Owner: devor
--

CREATE TABLE public."Artists_artist" (
    id bigint NOT NULL,
    name character varying(255) NOT NULL,
    "artistImg" character varying(100) NOT NULL,
    likes bigint NOT NULL,
    big_img character varying(100)
);


ALTER TABLE public."Artists_artist" OWNER TO devor;

--
-- Name: Artists_artist_id_seq; Type: SEQUENCE; Schema: public; Owner: devor
--

ALTER TABLE public."Artists_artist" ALTER COLUMN id ADD GENERATED BY DEFAULT AS IDENTITY (
    SEQUENCE NAME public."Artists_artist_id_seq"
    START WITH 1
    INCREMENT BY 1
    NO MINVALUE
    NO MAXVALUE
    CACHE 1
);


--
-- Name: Artists_artist_tracks; Type: TABLE; Schema: public; Owner: devor
--

CREATE TABLE public."Artists_artist_tracks" (
    id bigint NOT NULL,
    artist_id bigint NOT NULL,
    track_id character varying(40) NOT NULL
);


ALTER TABLE public."Artists_artist_tracks" OWNER TO devor;

--
-- Name: Artists_artist_tracks_id_seq; Type: SEQUENCE; Schema: public; Owner: devor
--

ALTER TABLE public."Artists_artist_tracks" ALTER COLUMN id ADD GENERATED BY DEFAULT AS IDENTITY (
    SEQUENCE NAME public."Artists_artist_tracks_id_seq"
    START WITH 1
    INCREMENT BY 1
    NO MINVALUE
    NO MAXVALUE
    CACHE 1
);


--
-- Name: Track_track; Type: TABLE; Schema: public; Owner: devor
--

CREATE TABLE public."Track_track" (
    title character varying(155) NOT NULL,
    artists character varying(200) NOT NULL,
    "albumImg" character varying(100) NOT NULL,
    music character varying(100) NOT NULL,
    id character varying(40) NOT NULL,
    auditions bigint NOT NULL
);


ALTER TABLE public."Track_track" OWNER TO devor;

--
-- Name: User_user; Type: TABLE; Schema: public; Owner: devor
--

CREATE TABLE public."User_user" (
    id bigint NOT NULL,
    username character varying(155) NOT NULL,
    password text NOT NULL,
    email character varying(255) NOT NULL,
    self_token character varying(40) NOT NULL,
    reg_date timestamp with time zone NOT NULL,
    user_img character varying(100) NOT NULL
);


ALTER TABLE public."User_user" OWNER TO devor;

--
-- Name: User_user_id_seq; Type: SEQUENCE; Schema: public; Owner: devor
--

ALTER TABLE public."User_user" ALTER COLUMN id ADD GENERATED BY DEFAULT AS IDENTITY (
    SEQUENCE NAME public."User_user_id_seq"
    START WITH 1
    INCREMENT BY 1
    NO MINVALUE
    NO MAXVALUE
    CACHE 1
);


--
-- Name: User_user_liked_artists; Type: TABLE; Schema: public; Owner: devor
--

CREATE TABLE public."User_user_liked_artists" (
    id bigint NOT NULL,
    user_id bigint NOT NULL,
    artist_id bigint NOT NULL
);


ALTER TABLE public."User_user_liked_artists" OWNER TO devor;

--
-- Name: User_user_liked_artists_id_seq; Type: SEQUENCE; Schema: public; Owner: devor
--

ALTER TABLE public."User_user_liked_artists" ALTER COLUMN id ADD GENERATED BY DEFAULT AS IDENTITY (
    SEQUENCE NAME public."User_user_liked_artists_id_seq"
    START WITH 1
    INCREMENT BY 1
    NO MINVALUE
    NO MAXVALUE
    CACHE 1
);


--
-- Name: User_user_liked_track_list; Type: TABLE; Schema: public; Owner: devor
--

CREATE TABLE public."User_user_liked_track_list" (
    id bigint NOT NULL,
    user_id bigint NOT NULL,
    track_id character varying(40) NOT NULL
);


ALTER TABLE public."User_user_liked_track_list" OWNER TO devor;

--
-- Name: User_user_liked_track_list_id_seq; Type: SEQUENCE; Schema: public; Owner: devor
--

ALTER TABLE public."User_user_liked_track_list" ALTER COLUMN id ADD GENERATED BY DEFAULT AS IDENTITY (
    SEQUENCE NAME public."User_user_liked_track_list_id_seq"
    START WITH 1
    INCREMENT BY 1
    NO MINVALUE
    NO MAXVALUE
    CACHE 1
);


--
-- Name: auth_group; Type: TABLE; Schema: public; Owner: devor
--

CREATE TABLE public.auth_group (
    id integer NOT NULL,
    name character varying(150) NOT NULL
);


ALTER TABLE public.auth_group OWNER TO devor;

--
-- Name: auth_group_id_seq; Type: SEQUENCE; Schema: public; Owner: devor
--

ALTER TABLE public.auth_group ALTER COLUMN id ADD GENERATED BY DEFAULT AS IDENTITY (
    SEQUENCE NAME public.auth_group_id_seq
    START WITH 1
    INCREMENT BY 1
    NO MINVALUE
    NO MAXVALUE
    CACHE 1
);


--
-- Name: auth_group_permissions; Type: TABLE; Schema: public; Owner: devor
--

CREATE TABLE public.auth_group_permissions (
    id bigint NOT NULL,
    group_id integer NOT NULL,
    permission_id integer NOT NULL
);


ALTER TABLE public.auth_group_permissions OWNER TO devor;

--
-- Name: auth_group_permissions_id_seq; Type: SEQUENCE; Schema: public; Owner: devor
--

ALTER TABLE public.auth_group_permissions ALTER COLUMN id ADD GENERATED BY DEFAULT AS IDENTITY (
    SEQUENCE NAME public.auth_group_permissions_id_seq
    START WITH 1
    INCREMENT BY 1
    NO MINVALUE
    NO MAXVALUE
    CACHE 1
);


--
-- Name: auth_permission; Type: TABLE; Schema: public; Owner: devor
--

CREATE TABLE public.auth_permission (
    id integer NOT NULL,
    name character varying(255) NOT NULL,
    content_type_id integer NOT NULL,
    codename character varying(100) NOT NULL
);


ALTER TABLE public.auth_permission OWNER TO devor;

--
-- Name: auth_permission_id_seq; Type: SEQUENCE; Schema: public; Owner: devor
--

ALTER TABLE public.auth_permission ALTER COLUMN id ADD GENERATED BY DEFAULT AS IDENTITY (
    SEQUENCE NAME public.auth_permission_id_seq
    START WITH 1
    INCREMENT BY 1
    NO MINVALUE
    NO MAXVALUE
    CACHE 1
);


--
-- Name: auth_user; Type: TABLE; Schema: public; Owner: devor
--

CREATE TABLE public.auth_user (
    id integer NOT NULL,
    password character varying(128) NOT NULL,
    last_login timestamp with time zone,
    is_superuser boolean NOT NULL,
    username character varying(150) NOT NULL,
    first_name character varying(150) NOT NULL,
    last_name character varying(150) NOT NULL,
    email character varying(254) NOT NULL,
    is_staff boolean NOT NULL,
    is_active boolean NOT NULL,
    date_joined timestamp with time zone NOT NULL
);


ALTER TABLE public.auth_user OWNER TO devor;

--
-- Name: auth_user_groups; Type: TABLE; Schema: public; Owner: devor
--

CREATE TABLE public.auth_user_groups (
    id bigint NOT NULL,
    user_id integer NOT NULL,
    group_id integer NOT NULL
);


ALTER TABLE public.auth_user_groups OWNER TO devor;

--
-- Name: auth_user_groups_id_seq; Type: SEQUENCE; Schema: public; Owner: devor
--

ALTER TABLE public.auth_user_groups ALTER COLUMN id ADD GENERATED BY DEFAULT AS IDENTITY (
    SEQUENCE NAME public.auth_user_groups_id_seq
    START WITH 1
    INCREMENT BY 1
    NO MINVALUE
    NO MAXVALUE
    CACHE 1
);


--
-- Name: auth_user_id_seq; Type: SEQUENCE; Schema: public; Owner: devor
--

ALTER TABLE public.auth_user ALTER COLUMN id ADD GENERATED BY DEFAULT AS IDENTITY (
    SEQUENCE NAME public.auth_user_id_seq
    START WITH 1
    INCREMENT BY 1
    NO MINVALUE
    NO MAXVALUE
    CACHE 1
);


--
-- Name: auth_user_user_permissions; Type: TABLE; Schema: public; Owner: devor
--

CREATE TABLE public.auth_user_user_permissions (
    id bigint NOT NULL,
    user_id integer NOT NULL,
    permission_id integer NOT NULL
);


ALTER TABLE public.auth_user_user_permissions OWNER TO devor;

--
-- Name: auth_user_user_permissions_id_seq; Type: SEQUENCE; Schema: public; Owner: devor
--

ALTER TABLE public.auth_user_user_permissions ALTER COLUMN id ADD GENERATED BY DEFAULT AS IDENTITY (
    SEQUENCE NAME public.auth_user_user_permissions_id_seq
    START WITH 1
    INCREMENT BY 1
    NO MINVALUE
    NO MAXVALUE
    CACHE 1
);


--
-- Name: authtoken_token; Type: TABLE; Schema: public; Owner: devor
--

CREATE TABLE public.authtoken_token (
    key character varying(40) NOT NULL,
    created timestamp with time zone NOT NULL,
    user_id integer NOT NULL
);


ALTER TABLE public.authtoken_token OWNER TO devor;

--
-- Name: django_admin_log; Type: TABLE; Schema: public; Owner: devor
--

CREATE TABLE public.django_admin_log (
    id integer NOT NULL,
    action_time timestamp with time zone NOT NULL,
    object_id text,
    object_repr character varying(200) NOT NULL,
    action_flag smallint NOT NULL,
    change_message text NOT NULL,
    content_type_id integer,
    user_id integer NOT NULL,
    CONSTRAINT django_admin_log_action_flag_check CHECK ((action_flag >= 0))
);


ALTER TABLE public.django_admin_log OWNER TO devor;

--
-- Name: django_admin_log_id_seq; Type: SEQUENCE; Schema: public; Owner: devor
--

ALTER TABLE public.django_admin_log ALTER COLUMN id ADD GENERATED BY DEFAULT AS IDENTITY (
    SEQUENCE NAME public.django_admin_log_id_seq
    START WITH 1
    INCREMENT BY 1
    NO MINVALUE
    NO MAXVALUE
    CACHE 1
);


--
-- Name: django_content_type; Type: TABLE; Schema: public; Owner: devor
--

CREATE TABLE public.django_content_type (
    id integer NOT NULL,
    app_label character varying(100) NOT NULL,
    model character varying(100) NOT NULL
);


ALTER TABLE public.django_content_type OWNER TO devor;

--
-- Name: django_content_type_id_seq; Type: SEQUENCE; Schema: public; Owner: devor
--

ALTER TABLE public.django_content_type ALTER COLUMN id ADD GENERATED BY DEFAULT AS IDENTITY (
    SEQUENCE NAME public.django_content_type_id_seq
    START WITH 1
    INCREMENT BY 1
    NO MINVALUE
    NO MAXVALUE
    CACHE 1
);


--
-- Name: django_migrations; Type: TABLE; Schema: public; Owner: devor
--

CREATE TABLE public.django_migrations (
    id bigint NOT NULL,
    app character varying(255) NOT NULL,
    name character varying(255) NOT NULL,
    applied timestamp with time zone NOT NULL
);


ALTER TABLE public.django_migrations OWNER TO devor;

--
-- Name: django_migrations_id_seq; Type: SEQUENCE; Schema: public; Owner: devor
--

ALTER TABLE public.django_migrations ALTER COLUMN id ADD GENERATED BY DEFAULT AS IDENTITY (
    SEQUENCE NAME public.django_migrations_id_seq
    START WITH 1
    INCREMENT BY 1
    NO MINVALUE
    NO MAXVALUE
    CACHE 1
);


--
-- Name: django_session; Type: TABLE; Schema: public; Owner: devor
--

CREATE TABLE public.django_session (
    session_key character varying(40) NOT NULL,
    session_data text NOT NULL,
    expire_date timestamp with time zone NOT NULL
);


ALTER TABLE public.django_session OWNER TO devor;

--
-- Data for Name: Artists_artist; Type: TABLE DATA; Schema: public; Owner: devor
--

COPY public."Artists_artist" (id, name, "artistImg", likes, big_img) FROM stdin;
1	Тима белоруских	artistsImg/artist4.jpg	342641	artistsBigImg/755976633842150.jpg
2	Nikitata	artistsImg/artist3.jpg	39582	artistsBigImg/ysIGUlPbeSI.jpg
3	гнилаялирика	artistsImg/artist5.jpg	83941	artistsBigImg/3QPcqOkKkdM.jpg
4	Три дня дождя	artistsImg/artist1.jpg	1592324	artistsBigImg/-DATe3gNZQo.jpg
5	Тринадцать карат	artistsImg/artist2.jpg	4320352	artistsBigImg/68s0b73y6ewyjlzua7koxj2r7vk7792v.webp
6	Нервы	artistsImg/artist6.jpg	240553	artistsBigImg/W6Ef3LrVN1k.jpg
7	Даниил ким	artistsImg/artist7.jpg	34523	artistsBigImg/cLwXvTOpJfQ.jpg
8	MORGENSHTERN	artistsImg/artist8.jpg	4594032	artistsBigImg/1200_654cf5ad82682c29148272b0.jpg
9	Kambulat	artistsImg/artist9.jpg	354643	artistsBigImg/aL0wRUOCdV4.jpg
10	Амура	artistsImg/artist10.jpg	356432	artistsBigImg/e_APRTVMQN8.jpg
11	Скриптонит	artistsImg/skriptonit-695503.jpg	964342	artistsBigImg/ZR9i03XCPEk.jpg
12	Макс корж	artistsImg/000029_1554449566_342819_big.jpg	1094382	artistsBigImg/eb85321.png
\.


--
-- Data for Name: Artists_artist_tracks; Type: TABLE DATA; Schema: public; Owner: devor
--

COPY public."Artists_artist_tracks" (id, artist_id, track_id) FROM stdin;
1	1	UuU2fZrDLyGxNlYBMaqnmVkApd3KLiQ0qCEqAkrN
2	1	WR8K0hQ8AozMc036ikcyrXSY6UvrY0Czf5CePgp3
3	2	Ux8kkhgJjSlxJczrwOSxKb59AvVbmjNFtA2adngR
4	3	yYkhFMCRf5VnuUzTbVq3o7EdxhCDUiZXwnkBCTeB
5	4	RyFGx75Mbp3ko3fM9wq4HNs2fWaEFixZZCbi1HnE
6	4	mmcrC0YtYc0G03BPIAaWtVunQXn1iqLzHDuH1gfU
7	4	7JoEVc5KGNRSigLcE47hYx2BSYw1jQOQgXfrLtBe
8	4	LHjLc291Y3QbVBKyEs7IwbWnQtH2srIDjLvkzupi
10	4	DwKqMcMJ8FPYb7unSxrF0Pb9qH7P8TsSHITWM3BN
11	5	VdnbC3TwlHTBr9o8r2IX5WVP18D8ZZPb8a68xxnc
12	5	LMOQdDhGCZ9YDZAfHEcVyBSzp8iAeRP8v06mvvQF
13	5	hdH6pAeaZQCWQVByliyDhnMaQpmFZnfVFOoIHmTk
14	5	rnvQLjisJ95HAqJZMGUHfERVUVsmqCgWedd5CU7w
15	5	eAskJEJjJiEQe47ybLXeAgjEVE69Uum69PpC7iX4
16	2	lBePHwfkWiMUur9biOUXvLywuV73DbYd1uI1TQXf
17	2	ZcYAANCghc9EgnP39WbEcHqJe8zZcmi0SgR6zN7T
18	2	05tTW87u3UdRaNSvXsuS5iSf9aU1d2jT6dtZt5or
19	6	0Ko2kZKJkXRvWqkMwxAD9e8W2ctxgK1Z2xzUH7tr
20	6	wXDVM9B7TGlfqb60njkGjzH2ReIs8bL6naGi8Tpb
21	7	8lIOp3Bp3LTURSn6j8z96HKZl5ulNH9te6sKTPyV
22	8	rCL8TlLqBmQ9dvtdaDjZzDdaS15JjNLqD3S5ngv7
23	8	iGypDjsnA1v9q7XzHQBQoaDZ9POk5svBfBxPsJsK
24	8	DWSrIS9of3omFdTx3nzSiVYLcnEfZbq0sj11Ipbt
25	9	ODCFVqvbS8GlmBGC3WYa7B3t8d5YTUiUPbooymTY
26	9	gBXkOHSwaEwq5TRdfAyPCB0bVWQCZ9bSoUdd8FcT
27	10	aGuTV45sj3iSUNDZjpldV81DtzS3KGSo6BVBw9xl
28	10	Tq0KaqkD5bbGX5BssXdVsXAs5BnOF44Pr8ldu0Eb
29	9	Tq0KaqkD5bbGX5BssXdVsXAs5BnOF44Pr8ldu0Eb
30	11	2CRj8aCAKaLNxL6VX3NVajvAC3H9AbRSmcax5xRm
31	11	k4lYy9uyOavtGoDJ5KNGlTnsreZRuHB9ydLEopeP
32	11	6XDmJEiVQCL5pcSrc3vhwECaiZP06Qw32cKSC6BC
33	11	d2lUZ9UOYZAEVxITGclnY7Utvn3BE3HF66n5jrlT
34	12	DGDYO94X8DgrJNOiyFiJ08GA4tLOtpkLqZliFzF8
35	12	DzqkMhuW8X1mLHpVHPSwFOfCJmhd5Ul4stDeSwvx
36	12	NOSG7YBXX19tpY40WriRU73BW2yqGzaMf8rXCwu6
37	12	VSSnX5eJR0qrGH9PkKXSp5bneBokYYJLDZp40B7I
38	12	29ZcraDdGMQ3COqo5VBIFvVT5gElik1KDNGThG81
39	12	AovDHONDUjALzSwYg7djUPgfaG5K5dyXbhXwgmw1
40	12	INZeMcjKwNz3VJfDrMiSDEIs23UrAdoDewbLOGra
41	12	nyb8NsSl6E3biUV4ZfoN4flJGWe0meNbxSOZoNI9
42	11	jkVuteW3YMuFMRvHhLdW5lPYte4551aEX80MHAcO
43	11	eTm5F7eNvR6RVYDHyck2QATl7lj9LusVC1o6PGZ3
44	11	96UWuE1ODNJblK0GFGppL7gLYhUMM2rCaltNijTT
45	11	lYdHJoSampJDC41HJjQjiqTPLfvvmasTUeXBaRWw
46	11	F5rzJXC3Dd21hmZcGjOMs4oI1kpj3c615ajZRQQK
47	11	TaVtvZLBKkTi7DmQtOuNYrd7bgw3K0b26MYfgg0r
48	8	KepBcm8hBEDzkhtq7AXrnepmApp8NArInaRkZYis
49	8	Zi9Du6z8aKt1XF7Zra67F7UI3nrU0arHOPROfasd
50	8	qosoECJ8I29NCSmuvm716hgs382cLCl8dHkrhUXP
51	8	xUC6lwYn6L35qgFnsKsekJHYE63m1foCwCuhOcLc
52	8	puaANvhH2yZHAnebpyZHFaHpQVEHx8xNeAzADulm
53	9	eDsgJCLJyUW4fg5YjX8CpI2uGFxgocMYLWyxXjht
54	9	IOTBG5qrNRC20C5DjHPIuqbSn9dBvSqV1hgUKMkV
55	7	0mLoHZ8Bmkveu5NKe12Q6HFHvof2zGAnk6TWIRwQ
56	7	BcSOU8pvEtSd2mRDv5qgTuS3aiaEA0t4kVxfiJlv
57	7	OPQiPfnwfe1OM1rDIUbhJjRSgLy0H4iHpTjWURSU
58	7	edCa8Zarn6UWsRQP770nk8OIkSAfTysylRgOcfqI
59	7	QqxIQEdsxBnBxBhGIxVc7SIklOnefruZxefLu5HN
60	7	DaxNeFbaqjcDCzy8XuOVhm5BTziYo2jlQRfBJCDZ
61	6	4Cjc3reg7wugssoLA3q1pWRgWabiMtH4rN8QnUxo
62	6	8tZFvCvs9roWkgMkaSGuaxJbssQ5FWFeDaHJ5S5U
63	6	YivEOMIhrN4kR1K5MLwQMbBqk1aWm9oCeNBgjwwt
64	4	ObN6PrtwYi0nCkVIICCNlbK8Azy0FrjGBf40MT7P
65	4	9a7hG3OzNdygbpiDsIBUjRN8Q8IUPfAjjSlCPPte
66	4	iYVjuCGyNLESr9dnxrRhTkGAVKP1ZnGk7B3Y12xt
67	4	kBn16Vy6e2k0D3pQBH5AhjmnznTYi4f1QbVM661d
68	5	M46aKZYlEB5H2joCW3Jg398eelrSftxDQjb0LPx3
69	5	xc8Uxt0T0WXtSfUwNahoHSVBofEiPKnBmpNXRYep
70	5	iC3wbFWxVGr9LFZl93vBb618mrVdyl8VGH005PUD
71	5	lx3U8gid34bCKLcYpNNSwrse2UUpUi1zrq0ilxtN
72	5	AgYlFv6aBWoCpq4HHr1FqhScFu5120LzK1xJbcqa
73	3	Y3pzyq24xXodchIs2dQBrjsC5fdjx4FrFGvmmBqq
74	3	5Sm5zlqL0pwedOsFeUeVOUEm8LtTPTDiepzU2xwq
75	3	Nr3cjudQD14d7jgruE3QhnoCevYFJKVrANwVbpB0
76	3	hpg4RJg9zvOPnqgRuJHHZ6gaUYYPtT9o1qAapEe4
77	3	CqXjWLfcRM5sp0wyiuXPnwbqxAjdwq1FRFSRLZ1D
78	10	u2MWRtZwInnGLLEokqWDj5ZRPnBiTHcsBwes1R8P
79	10	DK0AeT9gu6Z26L7r12XqCnHJiGjvbJUqNJBvbYSz
80	10	oYccpYYL77JnjbrNNjcSo6978SQwpPUVfpMJJdBe
81	1	LZNatKY0lUcRDK5GOMyBKlDbfXSQBl0I42kqh1HW
82	1	DqQgkW4KLzZdEyowcP0JvlY2QdHOKDOK3LuOfnzH
83	1	1BdqKgAFYBJ2XPF8F8gLocvFKWX5z6jmp0Wqedcq
84	1	pE3gwFBW5hqXaX5Ll32k48YhaCIKQE5bPVyadWxr
85	1	04yB8NRu5CYC6EGZcQMGknxvZWDPnTcYZN3w8OUz
\.


--
-- Data for Name: Track_track; Type: TABLE DATA; Schema: public; Owner: devor
--

COPY public."Track_track" (title, artists, "albumImg", music, id, auditions) FROM stdin;
Весна	Три дня дождя, МУККА	albumsImg/d418ad3140c93cd13ae9838d8aba6d50.1000x1000x1.png	music/МУККА__Три_Дня_Дождя_-_Весна.mp3	7JoEVc5KGNRSigLcE47hYx2BSYw1jQOQgXfrLtBe	432255
Прощание	Три дня дождя	albumsImg/images.jpeg	music/Три_Дня_Дождя_feat._MONA_-_Прощание.mp3	DwKqMcMJ8FPYb7unSxrF0Pb9qH7P8TsSHITWM3BN	509321
Космос	Три дня дождя, Лали	albumsImg/images_2.jpeg	music/Три_Дня_Дождя__Лали_-_Космос.mp3	mmcrC0YtYc0G03BPIAaWtVunQXn1iqLzHDuH1gfU	143143
Ты	Тринадцать карат, Три дня дождя	albumsImg/13prichin.jpg	music/Тринадцать_Карат_-_Ты.mp3	rnvQLjisJ95HAqJZMGUHfERVUVsmqCgWedd5CU7w	103998
Самый дорогой человек	Нервы	albumsImg/a0f5e9fdd226a906e592853470bf9764.1000x1000x1.jpg	music/Нервы_-_Самыи_Дорогои_Человек.mp3	0Ko2kZKJkXRvWqkMwxAD9e8W2ctxgK1Z2xzUH7tr	245353
Location	MORGENSHTERN	albumsImg/c1a02d42fd05c53a4c440b6701764ce8.274x274x1.png	music/Morgenshtern_feat._Элджеи_-_Location.mp3	rCL8TlLqBmQ9dvtdaDjZzDdaS15JjNLqD3S5ngv7	2349900
Селяви	MORGENSHTERN	albumsImg/artworks-ysQ4FYpDaigLdNh7-39paqw-t500x500.jpg	music/Morgenshtern_-_Селяви.mp3	DWSrIS9of3omFdTx3nzSiVYLcnEfZbq0sj11Ipbt	5249065
Ночь, такси, заметки	MORGENSHTERN	albumsImg/c1a02d42fd05c53a4c440b6701764ce8.274x274x1_vA5xJBi.png	music/Morgenshtern_-_Ночь_Такси_Заметки.mp3	iGypDjsnA1v9q7XzHQBQoaDZ9POk5svBfBxPsJsK	6049364
Привет	Kambulat	albumsImg/620fbb4a68f62dbf578af0382ed4e8dd.1000x1000x1.jpg	music/Kambulat_-_Привет.mp3	gBXkOHSwaEwq5TRdfAyPCB0bVWQCZ9bSoUdd8FcT	1049246
Как дела	Амура, Kambulat	albumsImg/a17d048a5c3b453deef37c035c279108.1000x1000x1.jpg	music/Амура_feat._Kambulat_-_Как_Дела.mp3	Tq0KaqkD5bbGX5BssXdVsXAs5BnOF44Pr8ldu0Eb	7256445
Хотелось бросить	Амура	albumsImg/artworks-FdZoLaWV6izYV8V5-DyXVzQ-t500x500.jpg	music/Амура_-_Хотелось_Бросить.mp3	aGuTV45sj3iSUNDZjpldV81DtzS3KGSo6BVBw9xl	515360
Космос	Скриптонит	albumsImg/3b464f761a04bc88d4c345a52d6826a5.1000x1000x1.png	music/Скриптонит_feat._Charusha_-_Космос.mp3	6XDmJEiVQCL5pcSrc3vhwECaiZP06Qw32cKSC6BC	356376
Это любовь	Скриптонит	albumsImg/85fe67bb27fa69d1593d983aa48a64be.1000x1000x1.png	music/Скриптонит_-_Это_Любовь.mp3	k4lYy9uyOavtGoDJ5KNGlTnsreZRuHB9ydLEopeP	3256779
Не забирай меня с пати	Скриптонит	albumsImg/500x500_iZuzECY.jpg	music/Скриптонит_feat._Надя_Дорофеева_-_Не_Забираи_Меня_С_Пати.mp3	2CRj8aCAKaLNxL6VX3NVajvAC3H9AbRSmcax5xRm	6889705
Малиновый закат	Макс корж	albumsImg/artworks-000318187359-o81uqe-t500x500.jpg	music/Maks_Korzh_Malinovyy_zakat.mp3	VSSnX5eJR0qrGH9PkKXSp5bneBokYYJLDZp40B7I	3590215
Матылёк	Макс корж	albumsImg/artworks-000060661416-08v91j-t500x500.jpg	music/Maks_Korzh_Motylek.mp3	29ZcraDdGMQ3COqo5VBIFvVT5gElik1KDNGThG81	3509202
Как дела	Тринадцать карат	albumsImg/13prichin_a9ybmBt.jpg	music/Тринадцать_Карат_feat._Космонавтов_Нет_-_Как_Дела.mp3	LMOQdDhGCZ9YDZAfHEcVyBSzp8iAeRP8v06mvvQF	300273
Таймаут	Nikitata	albumsImg/500x500.jpg	music/Nikitata_-_Таимаут.mp3	ZcYAANCghc9EgnP39WbEcHqJe8zZcmi0SgR6zN7T	150274
Отимист	Макс корж	albumsImg/cdeea6cbcd48af756f5f6df279f1990b.1000x1000x1.jpg	music/Maks_Korzh_Optimist.mp3	DGDYO94X8DgrJNOiyFiJ08GA4tLOtpkLqZliFzF8	7543266
Кометы	Даниил ким	albumsImg/4a966789fad1d54dee7afde5e8438496.1000x1000x1.jpg	music/Даниил_Ким_-_Кометы.mp3	8lIOp3Bp3LTURSn6j8z96HKZl5ulNH9te6sKTPyV	240614
Навсегда	Nikitata	albumsImg/navsegda.jpeg	music/navsegda.mp3	Ux8kkhgJjSlxJczrwOSxKb59AvVbmjNFtA2adngR	325
2 типа людей	Макс корж	albumsImg/maxkorzh-logo-2-1024x781.jpeg	music/Maks_Korzh_2_tipa_lyudey.mp3	nyb8NsSl6E3biUV4ZfoN4flJGWe0meNbxSOZoNI9	359038
Пьяный дождь	Макс корж	albumsImg/artworks-000247566349-6ejzra-t500x500.jpg	music/Maks_Korzh_Pyanyy_dozhd.mp3	DzqkMhuW8X1mLHpVHPSwFOfCJmhd5Ul4stDeSwvx	843036
Эндорфин	Макс корж	albumsImg/d560bdd42cddefe9e13b1ac5e2d68588.1000x1000x1.png	music/Maks_Korzh_Endorfin.mp3	AovDHONDUjALzSwYg7djUPgfaG5K5dyXbhXwgmw1	3259025
Жевачка	Тринадцать карат	albumsImg/3dff40027561f4d267b65bf4a0a47db8.1000x1000x1.png	music/Тринадцать_Карат_-_Жвачка.mp3	hdH6pAeaZQCWQVByliyDhnMaQpmFZnfVFOoIHmTk	1205016
Растаяли дни	Тринадцать карат	albumsImg/3dff40027561f4d267b65bf4a0a47db8.1000x1000x1_8Oxcw3S.png	music/Тринадцать_Карат_feat._Мина_-_Растаяли_Дни.mp3	VdnbC3TwlHTBr9o8r2IX5WVP18D8ZZPb8a68xxnc	143083
Отпусти	Тима Белоруских	albumsImg/otpusti.jpg	music/otpusti.mp3	UuU2fZrDLyGxNlYBMaqnmVkApd3KLiQ0qCEqAkrN	137
Под звездопадом	Тима Белоруских	albumsImg/pod-zvezdopadom.jpeg	music/pod-zvezdopadom.mp3	WR8K0hQ8AozMc036ikcyrXSY6UvrY0Czf5CePgp3	174
Вороны	Нервы	albumsImg/7228c6a0e7c148a5c8416313d36c0a93.webp	music/Нервы_-_Вороны.mp3	wXDVM9B7TGlfqb60njkGjzH2ReIs8bL6naGi8Tpb	10467
Полюби меня сильней	Nikitata	albumsImg/images_1_g07CS5z.jpeg	music/Nikitata_-_Полюби_Меня_Сильнеи.mp3	lBePHwfkWiMUur9biOUXvLywuV73DbYd1uI1TQXf	10052
Полюбила дурака	Kambulat	albumsImg/600x600bf-60.jpg	music/Kambulat_-_Полюбила_Дурака.mp3	ODCFVqvbS8GlmBGC3WYa7B3t8d5YTUiUPbooymTY	352356
Не слезай	гнилаялирика	albumsImg/ne-slezai.jpeg	music/ne-slezai.mp3	yYkhFMCRf5VnuUzTbVq3o7EdxhCDUiZXwnkBCTeB	69
Baby mama	Скриптонит	albumsImg/d400c175ceedfc90bfc04e66906aedd712_resize_2000x2000_same_6eb53f.jpeg	music/Скриптонит__Раида_-_Baby_Mama.mp3	d2lUZ9UOYZAEVxITGclnY7Utvn3BE3HF66n5jrlT	5764478
Не потеряй	Nikitata	albumsImg/images_x9KzDzv.jpeg	music/Nikitata_-_Не_Потеряи.mp3	05tTW87u3UdRaNSvXsuS5iSf9aU1d2jT6dtZt5or	34137
Где ты	Три дня дождя	albumsImg/7076952a51f9a51234905d6a255f8636.1000x1000x1.png	music/Три_Дня_Дождя_-_Где_Ты.mp3	RyFGx75Mbp3ko3fM9wq4HNs2fWaEFixZZCbi1HnE	356464
Стань	Макс корж	albumsImg/d560bdd42cddefe9e13b1ac5e2d68588.1000x1000x1_IN70coU.png	music/Maks_Korzh_Stan.mp3	INZeMcjKwNz3VJfDrMiSDEIs23UrAdoDewbLOGra	5095923
Тралики	Макс корж	albumsImg/d560bdd42cddefe9e13b1ac5e2d68588.1000x1000x1_kYrmBFy.png	music/Maks_Korzh_Traliki.mp3	NOSG7YBXX19tpY40WriRU73BW2yqGzaMf8rXCwu6	3250235
Это любовь	Скриптонит	albumsImg/artworks-9xzV0fBbrbhb4DSA-Un8KNA-t500x500.jpg	music/Skriptonit_Eto_lyubov.mp3	96UWuE1ODNJblK0GFGppL7gLYhUMM2rCaltNijTT	3490324
Москва любит	Скриптонит	albumsImg/images_vRRk0Fm.jpeg	music/Skriptonit_Moskva_lyubit....mp3	jkVuteW3YMuFMRvHhLdW5lPYte4551aEX80MHAcO	3827650
Положение	Скриптонит	albumsImg/images_1_QsJiVit.jpeg	music/Skriptonit_Polozhenie.mp3	lYdHJoSampJDC41HJjQjiqTPLfvvmasTUeXBaRWw	3095383
Притон	Скриптонит	albumsImg/artworks-9xzV0fBbrbhb4DSA-Un8KNA-t500x500_jqXkPta.jpg	music/Skriptonit_Priton.mp3	eTm5F7eNvR6RVYDHyck2QATl7lj9LusVC1o6PGZ3	9842842
Танцуй сама	Скриптонит	albumsImg/artworks-9xzV0fBbrbhb4DSA-Un8KNA-t500x500_TDXylFU.jpg	music/Skriptonit_Tancuy_sama.mp3	F5rzJXC3Dd21hmZcGjOMs4oI1kpj3c615ajZRQQK	4972045
Ламбада	Скриптонит, T-Fest	albumsImg/images_NLd22Gm.jpeg	music/T-Fest_Skriptonit_Lambada.mp3	TaVtvZLBKkTi7DmQtOuNYrd7bgw3K0b26MYfgg0r	10340593
Чёрный русский	MORGENSHTERN	albumsImg/images_1_yNjtwPc.jpeg	music/MORGENSHTERN_Chernyy_Russkiy.mp3	KepBcm8hBEDzkhtq7AXrnepmApp8NArInaRkZYis	29483582
Кадилак	MORGENSHTERN	albumsImg/artworks-Du4gsSsE1KwzMD7s-7r5MOQ-t500x500.jpg	music/MORGENSHTERN_Eldzhey_Cadillac.mp3	qosoECJ8I29NCSmuvm716hgs382cLCl8dHkrhUXP	39582387
Танцуй	MORGENSHTERN	albumsImg/artworks-000420216468-i3hje2-t500x500.jpg	music/MORGENSHTERN_Tancuy.mp3	puaANvhH2yZHAnebpyZHFaHpQVEHx8xNeAzADulm	214904
Уфф... Деньги	MORGENSHTERN	albumsImg/images_bwQvYfz.jpeg	music/MORGENSHTERN_Uff..._Dengi....mp3	xUC6lwYn6L35qgFnsKsekJHYE63m1foCwCuhOcLc	325895
Лучше б я тебя не знал	Даниил ким	albumsImg/images_XEyD74j.jpeg	music/Daniil_Kim_luchshe_by_ne_znal.mp3	0mLoHZ8Bmkveu5NKe12Q6HFHvof2zGAnk6TWIRwQ	2359024
Моменты	Даниил ким	albumsImg/400x400bb.webp	music/Daniil_Kim_momenty.mp3	edCa8Zarn6UWsRQP770nk8OIkSAfTysylRgOcfqI	3250233
Моя любовь мертва	Даниил ким	albumsImg/images_7PZqFy5.jpeg	music/Daniil_Kim_moya_lyubov_mertva.mp3	DaxNeFbaqjcDCzy8XuOVhm5BTziYo2jlQRfBJCDZ	32958340
Планы на лето	Даниил ким	albumsImg/b6fefd48932ec4c80e25946a9a25f327.1000x1000x1.jpg	music/Daniil_Kim_plany_na_leto.mp3	BcSOU8pvEtSd2mRDv5qgTuS3aiaEA0t4kVxfiJlv	3590233
Прощай	Даниил ким	albumsImg/ab67616d0000b2734c196a2e35811e10728730e2.jpeg	music/Daniil_Kim_proschay.mp3	OPQiPfnwfe1OM1rDIUbhJjRSgLy0H4iHpTjWURSU	39582391
Отрицательный герой	Нервы	albumsImg/artworks-CxchxWcrZdPkNua2-YUTVww-t500x500.jpg	music/Nervy_Otricatelnyy_geroy.mp3	8tZFvCvs9roWkgMkaSGuaxJbssQ5FWFeDaHJ5S5U	3259024
Слишком влюблён	Нервы	albumsImg/500x500_DFsQJ36.jpg	music/Nervy_Slishkom_vlyublen.mp3	4Cjc3reg7wugssoLA3q1pWRgWabiMtH4rN8QnUxo	35290234
Ты бы о*****а	Нервы	albumsImg/images_yRtAvzW.jpeg	music/Nervy_Ty_by_o____a.mp3	YivEOMIhrN4kR1K5MLwQMbBqk1aWm9oCeNBgjwwt	3598402
Слёзы на ветер	Три дня дождя	albumsImg/images_1_MzJbRyl.jpeg	music/Tri_dnya_dozhdya_Slezy_na_veter.mp3	iYVjuCGyNLESr9dnxrRhTkGAVKP1ZnGk7B3Y12xt	350933
Лавбомбинг	гнилаялирика	albumsImg/b14ac25113e40d6e53a8acafe3bf19a8.1000x1000x1.png	music/playingtheangel_gnilayalirika_lavbombing.mp3	hpg4RJg9zvOPnqgRuJHHZ6gaUYYPtT9o1qAapEe4	320590234
Прости, прощай	гнилаялирика	albumsImg/d3fb47d317472c8d5dfafa38a202cece.1000x1000x1.jpg	music/gnilayalirika_Roki_Prosti_proschay.mp3	CqXjWLfcRM5sp0wyiuXPnwbqxAjdwq1FRFSRLZ1D	2349303
Не перестану улыбаться	Амура	albumsImg/1200x1200bb_3XhMTND.jpg	music/Amura_Ne_perestanu_ulybatsya.mp3	DK0AeT9gu6Z26L7r12XqCnHJiGjvbJUqNJBvbYSz	359043
Последний лепесток	Тринадцать карат	albumsImg/65b5ce8f6adfe0e189d2f0111527a1b8.1000x1000x1.jpg	music/trinadcat_karat_posledniy_lepestok.mp3	iC3wbFWxVGr9LFZl93vBb618mrVdyl8VGH005PUD	329094234
Ненавижу	Даниил ким	albumsImg/1200x1200bb.jpg	music/Daniil_Kim_nenavizhu.mp3	QqxIQEdsxBnBxBhGIxVc7SIklOnefruZxefLu5HN	93728130
Мосты горят	гнилаялирика	albumsImg/images_VvlyNmU.jpeg	music/gnilayalirika_mosty_goryat_prod._by_fear_magazine.mp3	Nr3cjudQD14d7jgruE3QhnoCevYFJKVrANwVbpB0	320520304
Отпускай	Три дня дождя	albumsImg/maxresdefault.jpg	music/Tri_dnya_dozhdya_Otpuskay.mp3	kBn16Vy6e2k0D3pQBH5AhjmnznTYi4f1QbVM661d	4329028
Последняя любовь	MORGENSHTERN	albumsImg/images_cyHJJDe.jpeg	music/MORGENSHTERN_Poslednyaya_Lyubov.mp3	Zi9Du6z8aKt1XF7Zra67F7UI3nrU0arHOPROfasd	2358023
Выпей меня	Kambulat	albumsImg/images_1PPOAN3.jpeg	music/Kambulat_Vypey_menya.mp3	IOTBG5qrNRC20C5DjHPIuqbSn9dBvSqV1hgUKMkV	842037
Во снах	Тринадцать карат	albumsImg/29e6191492294eb56d49eded9c72f59b.1000x1000x1.png	music/trinadcat_karat_vo_snah.mp3	M46aKZYlEB5H2joCW3Jg398eelrSftxDQjb0LPx3	39402333
Такси.	Тринадцать карат	albumsImg/images_RMPnEQ8.jpeg	music/trinadcat_karat_taksi..mp3	xc8Uxt0T0WXtSfUwNahoHSVBofEiPKnBmpNXRYep	32092304
Давай расскажем	Тринадцать карат	albumsImg/c3bfdf764926e7e0a2ef1a9a18454d70.1000x1000x1.png	music/trinadcat_karat_davay_rasskazhem.mp3	AgYlFv6aBWoCpq4HHr1FqhScFu5120LzK1xJbcqa	3980325
Останови меня	Тринадцать карат	albumsImg/images_FvMZKoX.jpeg	music/trinadcat_karat_ostanovi_menya.mp3	lx3U8gid34bCKLcYpNNSwrse2UUpUi1zrq0ilxtN	3348925
Но ты не приходишь	гнилаялирика	albumsImg/1200x1200bf-60.jpg	music/gnilayalirika_uxknow_no_ty_ne_prihodish.mp3	5Sm5zlqL0pwedOsFeUeVOUEm8LtTPTDiepzU2xwq	85920923856
Минимум	Амура	albumsImg/images_Ue5V2vd.jpeg	music/Amura_Minimum.mp3	u2MWRtZwInnGLLEokqWDj5ZRPnBiTHcsBwes1R8P	39503
Томас шелби	Kambulat	albumsImg/kambulat-tomas-shelbi.jpeg	music/Kambulat_Tomas_Shelbi.mp3	eDsgJCLJyUW4fg5YjX8CpI2uGFxgocMYLWyxXjht	30325
У входа в парадную	гнилаялирика	albumsImg/images_yCdsIlr.jpeg	music/gnilayalirika_u_vhoda_v_paradnuyu_Prod._by_fear_magazine.mp3	Y3pzyq24xXodchIs2dQBrjsC5fdjx4FrFGvmmBqq	3409325
Искры	Тима Белоруских	albumsImg/artworks-000407917731-drilt2-t500x500.jpg	music/Tima_Belorusskih_Iskry.mp3	04yB8NRu5CYC6EGZcQMGknxvZWDPnTcYZN3w8OUz	342954
Незабудка	Тима Белоруских	albumsImg/images_gPidEs1.jpeg	music/Tima_Belorusskih_Nezabudka.mp3	1BdqKgAFYBJ2XPF8F8gLocvFKWX5z6jmp0Wqedcq	320044
Ещё одна минута вечера	Тима Белоруских, Просто лера	albumsImg/9a85d39b4008697d8cbf0c7b6d2af0ce.1000x1000x1.jpg	music/Tima_Belorusskih_prosto_Lera_Minuta_vechera.mp3	pE3gwFBW5hqXaX5Ll32k48YhaCIKQE5bPVyadWxr	30954311
Тебе лучше не знать	Тима Белоруских	albumsImg/artworks-UMVzP9J8t2SbcRcQ-iGhNyw-t500x500.jpg	music/Tima_Belorusskih_Tebe_luchshe_ne_znat.mp3	DqQgkW4KLzZdEyowcP0JvlY2QdHOKDOK3LuOfnzH	390234
Перезаряжай	Три дня дождя	albumsImg/images_1.jpeg	music/Три_Дня_Дождя_-_Перезаряжаи.mp3	LHjLc291Y3QbVBKyEs7IwbWnQtH2srIDjLvkzupi	240339
Витаминка	Тима Белоруских	albumsImg/artworks-000480353016-1tqx51-t500x500.jpg	music/Tima_Belorusskih_Vitaminka.mp3	LZNatKY0lUcRDK5GOMyBKlDbfXSQBl0I42kqh1HW	340592344
Вода	Три дня дождя	albumsImg/images_ZWmDmmz.jpeg	music/Tri_dnya_dozhdya_MUKKA_Voda.mp3	ObN6PrtwYi0nCkVIICCNlbK8Azy0FrjGBf40MT7P	32059843
Только ты никогда не узнаешь	Тринадцать карат	albumsImg/m1000x1000.jpeg	music/Тринадцать_Карат_-_Только_Ты_Никогда_Не_Узнаешь.mp3	eAskJEJjJiEQe47ybLXeAgjEVE69Uum69PpC7iX4	350328
Не морочь мне голову	Амура	albumsImg/images_TmEuGJC.jpeg	music/FOGEL_Amura_Ne_moroch_mne_golovu_prod._Max_Beatstone.mp3	oYccpYYL77JnjbrNNjcSo6978SQwpPUVfpMJJdBe	32407
Я и одиночество	Три дня дождя	albumsImg/426127dbb6ccd407f5d05faa5d3b7973.1000x1000x1.jpg	music/Tri_dnya_dozhdya_Ya_i_odinochestvo.mp3	9a7hG3OzNdygbpiDsIBUjRN8Q8IUPfAjjSlCPPte	3503211
\.


--
-- Data for Name: User_user; Type: TABLE DATA; Schema: public; Owner: devor
--

COPY public."User_user" (id, username, password, email, self_token, reg_date, user_img) FROM stdin;
2	Писюн	907bfa143b8a3683b1a4a0acf575e4d6a0739c8122de1888328b6bd47a0b65ed	ShikariDiAzz@gmail.com	48ce9ebb1f28d0a432sHODNiUsBu3QZdkx4dyl	2024-06-14 22:43:39.962495+03	userImg/2023-11-11_17.01.31.jpeg
3	Devor	85f948efdd6758a5cf7cfd08419b41e40fd3b9de9cfa291bf7db551d4a52af77	devorlich@gmail.com	d726c15ba27edcc4c7osiEJkIoP8mdU0hEIgB9	2024-06-14 23:05:08.01453+03	
\.


--
-- Data for Name: User_user_liked_artists; Type: TABLE DATA; Schema: public; Owner: devor
--

COPY public."User_user_liked_artists" (id, user_id, artist_id) FROM stdin;
4	3	8
5	3	4
6	3	3
7	3	5
\.


--
-- Data for Name: User_user_liked_track_list; Type: TABLE DATA; Schema: public; Owner: devor
--

COPY public."User_user_liked_track_list" (id, user_id, track_id) FROM stdin;
3	2	LZNatKY0lUcRDK5GOMyBKlDbfXSQBl0I42kqh1HW
5	3	9a7hG3OzNdygbpiDsIBUjRN8Q8IUPfAjjSlCPPte
6	3	QqxIQEdsxBnBxBhGIxVc7SIklOnefruZxefLu5HN
7	3	05tTW87u3UdRaNSvXsuS5iSf9aU1d2jT6dtZt5or
8	3	VdnbC3TwlHTBr9o8r2IX5WVP18D8ZZPb8a68xxnc
9	3	LMOQdDhGCZ9YDZAfHEcVyBSzp8iAeRP8v06mvvQF
10	3	ODCFVqvbS8GlmBGC3WYa7B3t8d5YTUiUPbooymTY
11	3	d2lUZ9UOYZAEVxITGclnY7Utvn3BE3HF66n5jrlT
\.


--
-- Data for Name: auth_group; Type: TABLE DATA; Schema: public; Owner: devor
--

COPY public.auth_group (id, name) FROM stdin;
\.


--
-- Data for Name: auth_group_permissions; Type: TABLE DATA; Schema: public; Owner: devor
--

COPY public.auth_group_permissions (id, group_id, permission_id) FROM stdin;
\.


--
-- Data for Name: auth_permission; Type: TABLE DATA; Schema: public; Owner: devor
--

COPY public.auth_permission (id, name, content_type_id, codename) FROM stdin;
9	Can add group	3	add_group
10	Can change group	3	change_group
11	Can delete group	3	delete_group
12	Can view group	3	view_group
13	Can add user	4	add_user
14	Can change user	4	change_user
15	Can delete user	4	delete_user
16	Can view user	4	view_user
17	Can add content type	5	add_contenttype
18	Can change content type	5	change_contenttype
19	Can delete content type	5	delete_contenttype
20	Can view content type	5	view_contenttype
21	Can add session	6	add_session
22	Can change session	6	change_session
23	Can delete session	6	delete_session
24	Can view session	6	view_session
25	Can add Token	7	add_token
26	Can change Token	7	change_token
27	Can delete Token	7	delete_token
28	Can view Token	7	view_token
29	Can add Token	8	add_tokenproxy
30	Can change Token	8	change_tokenproxy
31	Can delete Token	8	delete_tokenproxy
32	Can view Token	8	view_tokenproxy
33	Can add track	9	add_track
34	Can change track	9	change_track
35	Can delete track	9	delete_track
36	Can view track	9	view_track
37	Can add user	10	add_user
38	Can change user	10	change_user
39	Can delete user	10	delete_user
40	Can view user	10	view_user
41	Can add artist	11	add_artist
42	Can change artist	11	change_artist
43	Can delete artist	11	delete_artist
44	Can view artist	11	view_artist
1	Can add log entry	1	add_logentry
2	Can change log entry	1	change_logentry
3	Can delete log entry	1	delete_logentry
4	Can view log entry	1	view_logentry
5	Can add permission	2	add_permission
6	Can change permission	2	change_permission
7	Can delete permission	2	delete_permission
8	Can view permission	2	view_permission
\.


--
-- Data for Name: auth_user; Type: TABLE DATA; Schema: public; Owner: devor
--

COPY public.auth_user (id, password, last_login, is_superuser, username, first_name, last_name, email, is_staff, is_active, date_joined) FROM stdin;
\.


--
-- Data for Name: auth_user_groups; Type: TABLE DATA; Schema: public; Owner: devor
--

COPY public.auth_user_groups (id, user_id, group_id) FROM stdin;
\.


--
-- Data for Name: auth_user_user_permissions; Type: TABLE DATA; Schema: public; Owner: devor
--

COPY public.auth_user_user_permissions (id, user_id, permission_id) FROM stdin;
\.


--
-- Data for Name: authtoken_token; Type: TABLE DATA; Schema: public; Owner: devor
--

COPY public.authtoken_token (key, created, user_id) FROM stdin;
\.


--
-- Data for Name: django_admin_log; Type: TABLE DATA; Schema: public; Owner: devor
--

COPY public.django_admin_log (id, action_time, object_id, object_repr, action_flag, change_message, content_type_id, user_id) FROM stdin;
\.


--
-- Data for Name: django_content_type; Type: TABLE DATA; Schema: public; Owner: devor
--

COPY public.django_content_type (id, app_label, model) FROM stdin;
1	admin	logentry
2	auth	permission
3	auth	group
4	auth	user
5	contenttypes	contenttype
6	sessions	session
7	authtoken	token
8	authtoken	tokenproxy
9	Track	track
10	User	user
11	Artists	artist
\.


--
-- Data for Name: django_migrations; Type: TABLE DATA; Schema: public; Owner: devor
--

COPY public.django_migrations (id, app, name, applied) FROM stdin;
1	Track	0001_initial	2024-06-11 17:48:08.854914+03
2	Track	0002_alter_track_albumimg_alter_track_id_and_more	2024-06-11 17:48:08.860115+03
3	Track	0003_track_auditions	2024-06-11 17:48:08.863086+03
4	Artists	0001_initial	2024-06-11 17:48:08.871164+03
5	Artists	0002_alter_artist_likes	2024-06-11 17:48:08.872618+03
6	Artists	0003_artist_big_img	2024-06-11 17:48:08.874383+03
7	User	0001_initial	2024-06-11 17:48:08.876216+03
8	User	0002_remove_user_ishashed_alter_user_liked_track_list_and_more	2024-06-11 17:48:08.878309+03
9	User	0003_remove_user_playlists_list_user_reg_date_and_more	2024-06-11 17:48:08.88696+03
10	User	0004_alter_user_reg_date	2024-06-11 17:48:08.888884+03
11	User	0005_user_liked_artists	2024-06-11 17:48:08.894546+03
12	User	0006_remove_user_self_description_user_user_img	2024-06-11 17:48:08.898852+03
13	contenttypes	0001_initial	2024-06-11 17:48:08.901166+03
14	auth	0001_initial	2024-06-11 17:48:08.917018+03
15	admin	0001_initial	2024-06-11 17:48:08.923375+03
16	admin	0002_logentry_remove_auto_add	2024-06-11 17:48:08.926067+03
17	admin	0003_logentry_add_action_flag_choices	2024-06-11 17:48:08.929785+03
18	contenttypes	0002_remove_content_type_name	2024-06-11 17:48:08.936218+03
19	auth	0002_alter_permission_name_max_length	2024-06-11 17:48:08.938682+03
20	auth	0003_alter_user_email_max_length	2024-06-11 17:48:08.941132+03
21	auth	0004_alter_user_username_opts	2024-06-11 17:48:08.943289+03
22	auth	0005_alter_user_last_login_null	2024-06-11 17:48:08.945713+03
23	auth	0006_require_contenttypes_0002	2024-06-11 17:48:08.946019+03
24	auth	0007_alter_validators_add_error_messages	2024-06-11 17:48:08.948225+03
25	auth	0008_alter_user_username_max_length	2024-06-11 17:48:08.951839+03
26	auth	0009_alter_user_last_name_max_length	2024-06-11 17:48:08.955909+03
27	auth	0010_alter_group_name_max_length	2024-06-11 17:48:08.958821+03
28	auth	0011_update_proxy_permissions	2024-06-11 17:48:08.962081+03
29	auth	0012_alter_user_first_name_max_length	2024-06-11 17:48:08.964379+03
30	authtoken	0001_initial	2024-06-11 17:48:08.968287+03
31	authtoken	0002_auto_20160226_1747	2024-06-11 17:48:08.977334+03
32	authtoken	0003_tokenproxy	2024-06-11 17:48:08.978384+03
33	authtoken	0004_alter_tokenproxy_options	2024-06-11 17:48:08.980229+03
34	sessions	0001_initial	2024-06-11 17:48:08.982569+03
35	Artists	0004_alter_artist_likes	2024-06-11 18:04:42.316634+03
36	Track	0004_alter_track_auditions	2024-06-11 18:04:42.322656+03
\.


--
-- Data for Name: django_session; Type: TABLE DATA; Schema: public; Owner: devor
--

COPY public.django_session (session_key, session_data, expire_date) FROM stdin;
\.


--
-- Name: Artists_artist_id_seq; Type: SEQUENCE SET; Schema: public; Owner: devor
--

SELECT pg_catalog.setval('public."Artists_artist_id_seq"', 1, false);


--
-- Name: Artists_artist_tracks_id_seq; Type: SEQUENCE SET; Schema: public; Owner: devor
--

SELECT pg_catalog.setval('public."Artists_artist_tracks_id_seq"', 1, false);


--
-- Name: User_user_id_seq; Type: SEQUENCE SET; Schema: public; Owner: devor
--

SELECT pg_catalog.setval('public."User_user_id_seq"', 3, true);


--
-- Name: User_user_liked_artists_id_seq; Type: SEQUENCE SET; Schema: public; Owner: devor
--

SELECT pg_catalog.setval('public."User_user_liked_artists_id_seq"', 7, true);


--
-- Name: User_user_liked_track_list_id_seq; Type: SEQUENCE SET; Schema: public; Owner: devor
--

SELECT pg_catalog.setval('public."User_user_liked_track_list_id_seq"', 11, true);


--
-- Name: auth_group_id_seq; Type: SEQUENCE SET; Schema: public; Owner: devor
--

SELECT pg_catalog.setval('public.auth_group_id_seq', 1, false);


--
-- Name: auth_group_permissions_id_seq; Type: SEQUENCE SET; Schema: public; Owner: devor
--

SELECT pg_catalog.setval('public.auth_group_permissions_id_seq', 1, false);


--
-- Name: auth_permission_id_seq; Type: SEQUENCE SET; Schema: public; Owner: devor
--

SELECT pg_catalog.setval('public.auth_permission_id_seq', 44, true);


--
-- Name: auth_user_groups_id_seq; Type: SEQUENCE SET; Schema: public; Owner: devor
--

SELECT pg_catalog.setval('public.auth_user_groups_id_seq', 1, false);


--
-- Name: auth_user_id_seq; Type: SEQUENCE SET; Schema: public; Owner: devor
--

SELECT pg_catalog.setval('public.auth_user_id_seq', 1, false);


--
-- Name: auth_user_user_permissions_id_seq; Type: SEQUENCE SET; Schema: public; Owner: devor
--

SELECT pg_catalog.setval('public.auth_user_user_permissions_id_seq', 1, false);


--
-- Name: django_admin_log_id_seq; Type: SEQUENCE SET; Schema: public; Owner: devor
--

SELECT pg_catalog.setval('public.django_admin_log_id_seq', 1, false);


--
-- Name: django_content_type_id_seq; Type: SEQUENCE SET; Schema: public; Owner: devor
--

SELECT pg_catalog.setval('public.django_content_type_id_seq', 11, true);


--
-- Name: django_migrations_id_seq; Type: SEQUENCE SET; Schema: public; Owner: devor
--

SELECT pg_catalog.setval('public.django_migrations_id_seq', 36, true);


--
-- Name: Artists_artist Artists_artist_pkey; Type: CONSTRAINT; Schema: public; Owner: devor
--

ALTER TABLE ONLY public."Artists_artist"
    ADD CONSTRAINT "Artists_artist_pkey" PRIMARY KEY (id);


--
-- Name: Artists_artist_tracks Artists_artist_tracks_artist_id_track_id_9104ac0c_uniq; Type: CONSTRAINT; Schema: public; Owner: devor
--

ALTER TABLE ONLY public."Artists_artist_tracks"
    ADD CONSTRAINT "Artists_artist_tracks_artist_id_track_id_9104ac0c_uniq" UNIQUE (artist_id, track_id);


--
-- Name: Artists_artist_tracks Artists_artist_tracks_pkey; Type: CONSTRAINT; Schema: public; Owner: devor
--

ALTER TABLE ONLY public."Artists_artist_tracks"
    ADD CONSTRAINT "Artists_artist_tracks_pkey" PRIMARY KEY (id);


--
-- Name: Track_track Track_track_pkey; Type: CONSTRAINT; Schema: public; Owner: devor
--

ALTER TABLE ONLY public."Track_track"
    ADD CONSTRAINT "Track_track_pkey" PRIMARY KEY (id);


--
-- Name: User_user_liked_artists User_user_liked_artists_pkey; Type: CONSTRAINT; Schema: public; Owner: devor
--

ALTER TABLE ONLY public."User_user_liked_artists"
    ADD CONSTRAINT "User_user_liked_artists_pkey" PRIMARY KEY (id);


--
-- Name: User_user_liked_artists User_user_liked_artists_user_id_artist_id_64477481_uniq; Type: CONSTRAINT; Schema: public; Owner: devor
--

ALTER TABLE ONLY public."User_user_liked_artists"
    ADD CONSTRAINT "User_user_liked_artists_user_id_artist_id_64477481_uniq" UNIQUE (user_id, artist_id);


--
-- Name: User_user_liked_track_list User_user_liked_track_list_pkey; Type: CONSTRAINT; Schema: public; Owner: devor
--

ALTER TABLE ONLY public."User_user_liked_track_list"
    ADD CONSTRAINT "User_user_liked_track_list_pkey" PRIMARY KEY (id);


--
-- Name: User_user_liked_track_list User_user_liked_track_list_user_id_track_id_039f15b8_uniq; Type: CONSTRAINT; Schema: public; Owner: devor
--

ALTER TABLE ONLY public."User_user_liked_track_list"
    ADD CONSTRAINT "User_user_liked_track_list_user_id_track_id_039f15b8_uniq" UNIQUE (user_id, track_id);


--
-- Name: User_user User_user_pkey; Type: CONSTRAINT; Schema: public; Owner: devor
--

ALTER TABLE ONLY public."User_user"
    ADD CONSTRAINT "User_user_pkey" PRIMARY KEY (id);


--
-- Name: auth_group auth_group_name_key; Type: CONSTRAINT; Schema: public; Owner: devor
--

ALTER TABLE ONLY public.auth_group
    ADD CONSTRAINT auth_group_name_key UNIQUE (name);


--
-- Name: auth_group_permissions auth_group_permissions_group_id_permission_id_0cd325b0_uniq; Type: CONSTRAINT; Schema: public; Owner: devor
--

ALTER TABLE ONLY public.auth_group_permissions
    ADD CONSTRAINT auth_group_permissions_group_id_permission_id_0cd325b0_uniq UNIQUE (group_id, permission_id);


--
-- Name: auth_group_permissions auth_group_permissions_pkey; Type: CONSTRAINT; Schema: public; Owner: devor
--

ALTER TABLE ONLY public.auth_group_permissions
    ADD CONSTRAINT auth_group_permissions_pkey PRIMARY KEY (id);


--
-- Name: auth_group auth_group_pkey; Type: CONSTRAINT; Schema: public; Owner: devor
--

ALTER TABLE ONLY public.auth_group
    ADD CONSTRAINT auth_group_pkey PRIMARY KEY (id);


--
-- Name: auth_permission auth_permission_content_type_id_codename_01ab375a_uniq; Type: CONSTRAINT; Schema: public; Owner: devor
--

ALTER TABLE ONLY public.auth_permission
    ADD CONSTRAINT auth_permission_content_type_id_codename_01ab375a_uniq UNIQUE (content_type_id, codename);


--
-- Name: auth_permission auth_permission_pkey; Type: CONSTRAINT; Schema: public; Owner: devor
--

ALTER TABLE ONLY public.auth_permission
    ADD CONSTRAINT auth_permission_pkey PRIMARY KEY (id);


--
-- Name: auth_user_groups auth_user_groups_pkey; Type: CONSTRAINT; Schema: public; Owner: devor
--

ALTER TABLE ONLY public.auth_user_groups
    ADD CONSTRAINT auth_user_groups_pkey PRIMARY KEY (id);


--
-- Name: auth_user_groups auth_user_groups_user_id_group_id_94350c0c_uniq; Type: CONSTRAINT; Schema: public; Owner: devor
--

ALTER TABLE ONLY public.auth_user_groups
    ADD CONSTRAINT auth_user_groups_user_id_group_id_94350c0c_uniq UNIQUE (user_id, group_id);


--
-- Name: auth_user auth_user_pkey; Type: CONSTRAINT; Schema: public; Owner: devor
--

ALTER TABLE ONLY public.auth_user
    ADD CONSTRAINT auth_user_pkey PRIMARY KEY (id);


--
-- Name: auth_user_user_permissions auth_user_user_permissions_pkey; Type: CONSTRAINT; Schema: public; Owner: devor
--

ALTER TABLE ONLY public.auth_user_user_permissions
    ADD CONSTRAINT auth_user_user_permissions_pkey PRIMARY KEY (id);


--
-- Name: auth_user_user_permissions auth_user_user_permissions_user_id_permission_id_14a6b632_uniq; Type: CONSTRAINT; Schema: public; Owner: devor
--

ALTER TABLE ONLY public.auth_user_user_permissions
    ADD CONSTRAINT auth_user_user_permissions_user_id_permission_id_14a6b632_uniq UNIQUE (user_id, permission_id);


--
-- Name: auth_user auth_user_username_key; Type: CONSTRAINT; Schema: public; Owner: devor
--

ALTER TABLE ONLY public.auth_user
    ADD CONSTRAINT auth_user_username_key UNIQUE (username);


--
-- Name: authtoken_token authtoken_token_pkey; Type: CONSTRAINT; Schema: public; Owner: devor
--

ALTER TABLE ONLY public.authtoken_token
    ADD CONSTRAINT authtoken_token_pkey PRIMARY KEY (key);


--
-- Name: authtoken_token authtoken_token_user_id_key; Type: CONSTRAINT; Schema: public; Owner: devor
--

ALTER TABLE ONLY public.authtoken_token
    ADD CONSTRAINT authtoken_token_user_id_key UNIQUE (user_id);


--
-- Name: django_admin_log django_admin_log_pkey; Type: CONSTRAINT; Schema: public; Owner: devor
--

ALTER TABLE ONLY public.django_admin_log
    ADD CONSTRAINT django_admin_log_pkey PRIMARY KEY (id);


--
-- Name: django_content_type django_content_type_app_label_model_76bd3d3b_uniq; Type: CONSTRAINT; Schema: public; Owner: devor
--

ALTER TABLE ONLY public.django_content_type
    ADD CONSTRAINT django_content_type_app_label_model_76bd3d3b_uniq UNIQUE (app_label, model);


--
-- Name: django_content_type django_content_type_pkey; Type: CONSTRAINT; Schema: public; Owner: devor
--

ALTER TABLE ONLY public.django_content_type
    ADD CONSTRAINT django_content_type_pkey PRIMARY KEY (id);


--
-- Name: django_migrations django_migrations_pkey; Type: CONSTRAINT; Schema: public; Owner: devor
--

ALTER TABLE ONLY public.django_migrations
    ADD CONSTRAINT django_migrations_pkey PRIMARY KEY (id);


--
-- Name: django_session django_session_pkey; Type: CONSTRAINT; Schema: public; Owner: devor
--

ALTER TABLE ONLY public.django_session
    ADD CONSTRAINT django_session_pkey PRIMARY KEY (session_key);


--
-- Name: Artists_artist_tracks_artist_id_2de67749; Type: INDEX; Schema: public; Owner: devor
--

CREATE INDEX "Artists_artist_tracks_artist_id_2de67749" ON public."Artists_artist_tracks" USING btree (artist_id);


--
-- Name: Artists_artist_tracks_track_id_dd4503b2; Type: INDEX; Schema: public; Owner: devor
--

CREATE INDEX "Artists_artist_tracks_track_id_dd4503b2" ON public."Artists_artist_tracks" USING btree (track_id);


--
-- Name: Artists_artist_tracks_track_id_dd4503b2_like; Type: INDEX; Schema: public; Owner: devor
--

CREATE INDEX "Artists_artist_tracks_track_id_dd4503b2_like" ON public."Artists_artist_tracks" USING btree (track_id varchar_pattern_ops);


--
-- Name: Track_track_id_5711267d_like; Type: INDEX; Schema: public; Owner: devor
--

CREATE INDEX "Track_track_id_5711267d_like" ON public."Track_track" USING btree (id varchar_pattern_ops);


--
-- Name: User_user_liked_artists_artist_id_8d9f4867; Type: INDEX; Schema: public; Owner: devor
--

CREATE INDEX "User_user_liked_artists_artist_id_8d9f4867" ON public."User_user_liked_artists" USING btree (artist_id);


--
-- Name: User_user_liked_artists_user_id_f59e2c2c; Type: INDEX; Schema: public; Owner: devor
--

CREATE INDEX "User_user_liked_artists_user_id_f59e2c2c" ON public."User_user_liked_artists" USING btree (user_id);


--
-- Name: User_user_liked_track_list_track_id_dd65bd43; Type: INDEX; Schema: public; Owner: devor
--

CREATE INDEX "User_user_liked_track_list_track_id_dd65bd43" ON public."User_user_liked_track_list" USING btree (track_id);


--
-- Name: User_user_liked_track_list_track_id_dd65bd43_like; Type: INDEX; Schema: public; Owner: devor
--

CREATE INDEX "User_user_liked_track_list_track_id_dd65bd43_like" ON public."User_user_liked_track_list" USING btree (track_id varchar_pattern_ops);


--
-- Name: User_user_liked_track_list_user_id_0c17e58f; Type: INDEX; Schema: public; Owner: devor
--

CREATE INDEX "User_user_liked_track_list_user_id_0c17e58f" ON public."User_user_liked_track_list" USING btree (user_id);


--
-- Name: auth_group_name_a6ea08ec_like; Type: INDEX; Schema: public; Owner: devor
--

CREATE INDEX auth_group_name_a6ea08ec_like ON public.auth_group USING btree (name varchar_pattern_ops);


--
-- Name: auth_group_permissions_group_id_b120cbf9; Type: INDEX; Schema: public; Owner: devor
--

CREATE INDEX auth_group_permissions_group_id_b120cbf9 ON public.auth_group_permissions USING btree (group_id);


--
-- Name: auth_group_permissions_permission_id_84c5c92e; Type: INDEX; Schema: public; Owner: devor
--

CREATE INDEX auth_group_permissions_permission_id_84c5c92e ON public.auth_group_permissions USING btree (permission_id);


--
-- Name: auth_permission_content_type_id_2f476e4b; Type: INDEX; Schema: public; Owner: devor
--

CREATE INDEX auth_permission_content_type_id_2f476e4b ON public.auth_permission USING btree (content_type_id);


--
-- Name: auth_user_groups_group_id_97559544; Type: INDEX; Schema: public; Owner: devor
--

CREATE INDEX auth_user_groups_group_id_97559544 ON public.auth_user_groups USING btree (group_id);


--
-- Name: auth_user_groups_user_id_6a12ed8b; Type: INDEX; Schema: public; Owner: devor
--

CREATE INDEX auth_user_groups_user_id_6a12ed8b ON public.auth_user_groups USING btree (user_id);


--
-- Name: auth_user_user_permissions_permission_id_1fbb5f2c; Type: INDEX; Schema: public; Owner: devor
--

CREATE INDEX auth_user_user_permissions_permission_id_1fbb5f2c ON public.auth_user_user_permissions USING btree (permission_id);


--
-- Name: auth_user_user_permissions_user_id_a95ead1b; Type: INDEX; Schema: public; Owner: devor
--

CREATE INDEX auth_user_user_permissions_user_id_a95ead1b ON public.auth_user_user_permissions USING btree (user_id);


--
-- Name: auth_user_username_6821ab7c_like; Type: INDEX; Schema: public; Owner: devor
--

CREATE INDEX auth_user_username_6821ab7c_like ON public.auth_user USING btree (username varchar_pattern_ops);


--
-- Name: authtoken_token_key_10f0b77e_like; Type: INDEX; Schema: public; Owner: devor
--

CREATE INDEX authtoken_token_key_10f0b77e_like ON public.authtoken_token USING btree (key varchar_pattern_ops);


--
-- Name: django_admin_log_content_type_id_c4bce8eb; Type: INDEX; Schema: public; Owner: devor
--

CREATE INDEX django_admin_log_content_type_id_c4bce8eb ON public.django_admin_log USING btree (content_type_id);


--
-- Name: django_admin_log_user_id_c564eba6; Type: INDEX; Schema: public; Owner: devor
--

CREATE INDEX django_admin_log_user_id_c564eba6 ON public.django_admin_log USING btree (user_id);


--
-- Name: django_session_expire_date_a5c62663; Type: INDEX; Schema: public; Owner: devor
--

CREATE INDEX django_session_expire_date_a5c62663 ON public.django_session USING btree (expire_date);


--
-- Name: django_session_session_key_c0390e0f_like; Type: INDEX; Schema: public; Owner: devor
--

CREATE INDEX django_session_session_key_c0390e0f_like ON public.django_session USING btree (session_key varchar_pattern_ops);


--
-- Name: Artists_artist_tracks Artists_artist_tracks_artist_id_2de67749_fk_Artists_artist_id; Type: FK CONSTRAINT; Schema: public; Owner: devor
--

ALTER TABLE ONLY public."Artists_artist_tracks"
    ADD CONSTRAINT "Artists_artist_tracks_artist_id_2de67749_fk_Artists_artist_id" FOREIGN KEY (artist_id) REFERENCES public."Artists_artist"(id) DEFERRABLE INITIALLY DEFERRED;


--
-- Name: Artists_artist_tracks Artists_artist_tracks_track_id_dd4503b2_fk_Track_track_id; Type: FK CONSTRAINT; Schema: public; Owner: devor
--

ALTER TABLE ONLY public."Artists_artist_tracks"
    ADD CONSTRAINT "Artists_artist_tracks_track_id_dd4503b2_fk_Track_track_id" FOREIGN KEY (track_id) REFERENCES public."Track_track"(id) DEFERRABLE INITIALLY DEFERRED;


--
-- Name: User_user_liked_artists User_user_liked_artists_artist_id_8d9f4867_fk_Artists_artist_id; Type: FK CONSTRAINT; Schema: public; Owner: devor
--

ALTER TABLE ONLY public."User_user_liked_artists"
    ADD CONSTRAINT "User_user_liked_artists_artist_id_8d9f4867_fk_Artists_artist_id" FOREIGN KEY (artist_id) REFERENCES public."Artists_artist"(id) DEFERRABLE INITIALLY DEFERRED;


--
-- Name: User_user_liked_artists User_user_liked_artists_user_id_f59e2c2c_fk_User_user_id; Type: FK CONSTRAINT; Schema: public; Owner: devor
--

ALTER TABLE ONLY public."User_user_liked_artists"
    ADD CONSTRAINT "User_user_liked_artists_user_id_f59e2c2c_fk_User_user_id" FOREIGN KEY (user_id) REFERENCES public."User_user"(id) DEFERRABLE INITIALLY DEFERRED;


--
-- Name: User_user_liked_track_list User_user_liked_track_list_track_id_dd65bd43_fk_Track_track_id; Type: FK CONSTRAINT; Schema: public; Owner: devor
--

ALTER TABLE ONLY public."User_user_liked_track_list"
    ADD CONSTRAINT "User_user_liked_track_list_track_id_dd65bd43_fk_Track_track_id" FOREIGN KEY (track_id) REFERENCES public."Track_track"(id) DEFERRABLE INITIALLY DEFERRED;


--
-- Name: User_user_liked_track_list User_user_liked_track_list_user_id_0c17e58f_fk_User_user_id; Type: FK CONSTRAINT; Schema: public; Owner: devor
--

ALTER TABLE ONLY public."User_user_liked_track_list"
    ADD CONSTRAINT "User_user_liked_track_list_user_id_0c17e58f_fk_User_user_id" FOREIGN KEY (user_id) REFERENCES public."User_user"(id) DEFERRABLE INITIALLY DEFERRED;


--
-- Name: auth_group_permissions auth_group_permissio_permission_id_84c5c92e_fk_auth_perm; Type: FK CONSTRAINT; Schema: public; Owner: devor
--

ALTER TABLE ONLY public.auth_group_permissions
    ADD CONSTRAINT auth_group_permissio_permission_id_84c5c92e_fk_auth_perm FOREIGN KEY (permission_id) REFERENCES public.auth_permission(id) DEFERRABLE INITIALLY DEFERRED;


--
-- Name: auth_group_permissions auth_group_permissions_group_id_b120cbf9_fk_auth_group_id; Type: FK CONSTRAINT; Schema: public; Owner: devor
--

ALTER TABLE ONLY public.auth_group_permissions
    ADD CONSTRAINT auth_group_permissions_group_id_b120cbf9_fk_auth_group_id FOREIGN KEY (group_id) REFERENCES public.auth_group(id) DEFERRABLE INITIALLY DEFERRED;


--
-- Name: auth_permission auth_permission_content_type_id_2f476e4b_fk_django_co; Type: FK CONSTRAINT; Schema: public; Owner: devor
--

ALTER TABLE ONLY public.auth_permission
    ADD CONSTRAINT auth_permission_content_type_id_2f476e4b_fk_django_co FOREIGN KEY (content_type_id) REFERENCES public.django_content_type(id) DEFERRABLE INITIALLY DEFERRED;


--
-- Name: auth_user_groups auth_user_groups_group_id_97559544_fk_auth_group_id; Type: FK CONSTRAINT; Schema: public; Owner: devor
--

ALTER TABLE ONLY public.auth_user_groups
    ADD CONSTRAINT auth_user_groups_group_id_97559544_fk_auth_group_id FOREIGN KEY (group_id) REFERENCES public.auth_group(id) DEFERRABLE INITIALLY DEFERRED;


--
-- Name: auth_user_groups auth_user_groups_user_id_6a12ed8b_fk_auth_user_id; Type: FK CONSTRAINT; Schema: public; Owner: devor
--

ALTER TABLE ONLY public.auth_user_groups
    ADD CONSTRAINT auth_user_groups_user_id_6a12ed8b_fk_auth_user_id FOREIGN KEY (user_id) REFERENCES public.auth_user(id) DEFERRABLE INITIALLY DEFERRED;


--
-- Name: auth_user_user_permissions auth_user_user_permi_permission_id_1fbb5f2c_fk_auth_perm; Type: FK CONSTRAINT; Schema: public; Owner: devor
--

ALTER TABLE ONLY public.auth_user_user_permissions
    ADD CONSTRAINT auth_user_user_permi_permission_id_1fbb5f2c_fk_auth_perm FOREIGN KEY (permission_id) REFERENCES public.auth_permission(id) DEFERRABLE INITIALLY DEFERRED;


--
-- Name: auth_user_user_permissions auth_user_user_permissions_user_id_a95ead1b_fk_auth_user_id; Type: FK CONSTRAINT; Schema: public; Owner: devor
--

ALTER TABLE ONLY public.auth_user_user_permissions
    ADD CONSTRAINT auth_user_user_permissions_user_id_a95ead1b_fk_auth_user_id FOREIGN KEY (user_id) REFERENCES public.auth_user(id) DEFERRABLE INITIALLY DEFERRED;


--
-- Name: authtoken_token authtoken_token_user_id_35299eff_fk_auth_user_id; Type: FK CONSTRAINT; Schema: public; Owner: devor
--

ALTER TABLE ONLY public.authtoken_token
    ADD CONSTRAINT authtoken_token_user_id_35299eff_fk_auth_user_id FOREIGN KEY (user_id) REFERENCES public.auth_user(id) DEFERRABLE INITIALLY DEFERRED;


--
-- Name: django_admin_log django_admin_log_content_type_id_c4bce8eb_fk_django_co; Type: FK CONSTRAINT; Schema: public; Owner: devor
--

ALTER TABLE ONLY public.django_admin_log
    ADD CONSTRAINT django_admin_log_content_type_id_c4bce8eb_fk_django_co FOREIGN KEY (content_type_id) REFERENCES public.django_content_type(id) DEFERRABLE INITIALLY DEFERRED;


--
-- Name: django_admin_log django_admin_log_user_id_c564eba6_fk_auth_user_id; Type: FK CONSTRAINT; Schema: public; Owner: devor
--

ALTER TABLE ONLY public.django_admin_log
    ADD CONSTRAINT django_admin_log_user_id_c564eba6_fk_auth_user_id FOREIGN KEY (user_id) REFERENCES public.auth_user(id) DEFERRABLE INITIALLY DEFERRED;


--
-- PostgreSQL database dump complete
--

